file,line,code,http_status,context
"src/api/abac-policy-routes.ts",139,"NOT_FOUND",404,"return reply.status(404).send({ error: 'NOT_FOUND', message: 'Policy not found' });"
"src/api/abac-policy-routes.ts",197,"NOT_FOUND",404,"return reply.status(404).send({ error: 'NOT_FOUND', message: 'Policy not found' });"
"src/api/abac-policy-routes.ts",225,"NOT_FOUND",404,"return reply.status(404).send({ error: 'NOT_FOUND', message: 'Policy not found' });"
"src/api/abac-policy-routes.ts",245,"NOT_FOUND",404,"return reply.status(404).send({ error: 'NOT_FOUND', message: 'Policy not found' });"
"src/api/api-key-routes.ts",83,"NOT_FOUND",404,"if (!deleted) return reply.status(404).send({ error: 'NOT_FOUND', message: 'API key not found' });"
"src/api/artifact-routes.ts",136,"NOT_FOUND",404,"if (!stage) return reply.status(404).send({ error: 'NOT_FOUND' });"
"src/api/audit-routes.ts",103,"NOT_FOUND",404,"return reply.status(404).send({ error: 'NOT_FOUND', message: error.message });"
"src/api/audit-routes.ts",348,"NOT_FOUND",404,"return reply.status(404).send({ error: 'NOT_FOUND', message: 'No audit logs found' });"
"src/api/capability-routes.ts",135,"NOT_FOUND",404,"return reply.status(404).send({ success: false, error: 'NOT_FOUND', message: 'Capability not found' });"
"src/api/capability-routes.ts",167,"NOT_FOUND",404,"return reply.status(404).send({ success: false, error: 'NOT_FOUND', message: 'Capability not found' });"
"src/api/capability-routes.ts",344,"NOT_FOUND",404,"return reply.status(404).send({ success: false, error: 'NOT_FOUND', message: 'Temporary permission not found or already "
"src/api/capability-routes.ts",432,"NOT_FOUND",404,"return reply.status(404).send({ success: false, error: 'NOT_FOUND', message: 'Permission request not found' });"
"src/api/capability-routes.ts",577,"NOT_FOUND",404,"return reply.status(404).send({ success: false, error: 'NOT_FOUND', message: 'Temporary permission not found or already "
"src/api/chaos-enhanced-routes.ts",79,"NOT_FOUND",404,"return reply.status(404).send({ error: 'NOT_FOUND', message: 'Experiment not found' });"
"src/api/controllers/ApprovalController.ts",170,"NOT_FOUND",404,"return reply.status(404).send({ error: 'NOT_FOUND', message });"
"src/api/controllers/ApprovalController.ts",371,"NOT_FOUND",404,"return reply.status(404).send({ error: 'NOT_FOUND', message: 'No approval request found' });"
"src/api/controllers/ApprovalController.ts",536,"NOT_FOUND",404,"return reply.status(404).send({ error: 'NOT_FOUND', message });"
"src/api/controllers/EnvironmentController.ts",108,"NOT_FOUND",404,"reply.status(404).send({ error: 'NOT_FOUND', message: error.message });"
"src/api/controllers/EnvironmentController.ts",139,"NOT_FOUND",404,"reply.status(404).send({ error: 'NOT_FOUND', message: error.message });"
"src/api/controllers/EnvironmentController.ts",163,"NOT_FOUND",404,"reply.status(404).send({ error: 'NOT_FOUND', message: error.message });"
"src/api/controllers/EnvironmentController.ts",201,"NOT_FOUND",404,"reply.status(404).send({ error: 'NOT_FOUND', message: error.message });"
"src/api/controllers/EnvironmentController.ts",243,"NOT_FOUND",404,"reply.status(404).send({ error: 'NOT_FOUND', message: error.message });"
"src/api/controllers/EnvironmentController.ts",270,"NOT_FOUND",404,"reply.status(404).send({ error: 'NOT_FOUND', message: error.message });"
"src/api/controllers/EnvironmentController.ts",292,"NOT_FOUND",404,"reply.status(404).send({ error: 'NOT_FOUND', message: error.message });"
"src/api/controllers/EnvironmentController.ts",314,"NOT_FOUND",404,"reply.status(404).send({ error: 'NOT_FOUND', message: error.message });"
"src/api/decision-explanation-routes.ts",45,"NOT_FOUND",404,"return reply.status(404).send({ error: 'NOT_FOUND', message: 'Decision explanation not found' });"
"src/api/knowledge-routes.ts",147,"NOT_FOUND",404,"return reply.status(404).send({ error: 'NOT_FOUND', message: err.message });"
"src/api/knowledge-routes.ts",401,"NOT_FOUND",404,"return reply.status(404).send({ error: 'NOT_FOUND', message: err.message });"
"src/api/knowledge-routes.ts",478,"NOT_FOUND",404,"return reply.status(404).send({ error: 'NOT_FOUND', message: err.message });"
"src/api/knowledge-routes.ts",642,"NOT_FOUND",404,"return reply.status(404).send({ error: 'NOT_FOUND', message: err.message });"
"src/api/maintenance-window-routes.ts",151,"NOT_FOUND",404,"return reply.code(404).send({ success: false, error: 'NOT_FOUND', message: 'Maintenance window not found' });"
"src/api/unified-config-routes.ts",87,"NOT_FOUND",404,"return reply.status(404).send({ code: 'NOT_FOUND', message: error.message });"
"src/api/vector-store-routes.ts",66,"NOT_FOUND",404,"if (!deleted) return reply.status(404).send({ error: 'NOT_FOUND' });"
"src/api/abac-policy-routes.ts",184,"VALIDATION_ERROR",400,"return reply.status(400).send({ error: 'VALIDATION_ERROR', message: (err as Error).message });"
"src/api/abac-policy-routes.ts",212,"VALIDATION_ERROR",400,"return reply.status(400).send({ error: 'VALIDATION_ERROR', message: (err as Error).message });"
"src/api/controllers/EnvironmentController.ts",49,"VALIDATION_ERROR",400,"reply.status(400).send({ error: 'VALIDATION_ERROR', message: error.message });"
"src/api/controllers/EnvironmentController.ts",141,"VALIDATION_ERROR",400,"reply.status(400).send({ error: 'VALIDATION_ERROR', message: error.message });"
"src/api/controllers/EnvironmentController.ts",203,"VALIDATION_ERROR",400,"reply.status(400).send({ error: 'VALIDATION_ERROR', message: error.message });"
"src/api/abac-policy-routes.ts",201,"FORBIDDEN",403,"return reply.status(403).send({ error: 'FORBIDDEN', message: 'Cannot modify system policy' });"
"src/api/abac-policy-routes.ts",229,"FORBIDDEN",403,"return reply.status(403).send({ error: 'FORBIDDEN', message: 'Cannot delete system policy' });"
"src/api/api-key-routes.ts",45,"MISSING_TENANT_ID",400,"if (!tenantId) return reply.status(400).send({ error: 'MISSING_TENANT_ID', message: 'tenantId query parameter is require"
"src/api/api-key-routes.ts",50,"LIST_ERROR",500,"return reply.status(500).send({ error: 'LIST_ERROR', message: error.message });"
"src/api/chaos-enhanced-routes.ts",69,"LIST_ERROR",500,"return reply.status(500).send({ error: 'LIST_ERROR', message });"
"src/api/controllers/ApprovalController.ts",154,"LIST_ERROR",500,"return reply.status(500).send({ error: 'LIST_ERROR', message });"
"src/api/controllers/ApprovalController.ts",355,"LIST_ERROR",500,"return reply.status(500).send({ error: 'LIST_ERROR', message });"
"src/api/api-key-routes.ts",60,"INVALID_INPUT",400,"if (!body.tenantId || !body.name || !body.userId) return reply.status(400).send({ error: 'INVALID_INPUT', message: 'tena"
"src/api/knowledge-routes.ts",111,"INVALID_INPUT",400,"return reply.status(400).send({ error: 'INVALID_INPUT', message: 'Space name is required' });"
"src/api/knowledge-routes.ts",364,"INVALID_INPUT",400,"return reply.status(400).send({ error: 'INVALID_INPUT', message: 'title, content, and spaceId are required' });"
"src/api/knowledge-routes.ts",508,"INVALID_INPUT",400,"return reply.status(400).send({ error: 'INVALID_INPUT', message: 'query is required' });"
"src/api/knowledge-routes.ts",552,"INVALID_INPUT",400,"return reply.status(400).send({ error: 'INVALID_INPUT', message: 'query is required' });"
"src/api/api-key-routes.ts",71,"CREATE_ERROR",500,"return reply.status(500).send({ error: 'CREATE_ERROR', message: error.message });"
"src/api/chaos-enhanced-routes.ts",58,"CREATE_ERROR",400,"return reply.status(400).send({ error: 'CREATE_ERROR', message });"
"src/api/api-key-routes.ts",86,"DELETE_ERROR",500,"return reply.status(500).send({ error: 'DELETE_ERROR', message: error.message });"
"src/api/audit-routes.ts",117,"SERVICE_UNAVAILABLE",503,"if (!service) return reply.status(503).send({ error: 'SERVICE_UNAVAILABLE', message: 'Database not configured' });"
"src/api/audit-routes.ts",150,"SERVICE_UNAVAILABLE",503,"if (!service) return reply.status(503).send({ error: 'SERVICE_UNAVAILABLE', message: 'Database not configured' });"
"src/api/audit-routes.ts",166,"SERVICE_UNAVAILABLE",503,"if (!service) return reply.status(503).send({ error: 'SERVICE_UNAVAILABLE', message: 'Database not configured' });"
"src/api/audit-routes.ts",183,"SERVICE_UNAVAILABLE",503,"if (!service) return reply.status(503).send({ error: 'SERVICE_UNAVAILABLE', message: 'Database not configured' });"
"src/api/audit-routes.ts",205,"SERVICE_UNAVAILABLE",503,"if (!service) return reply.status(503).send({ error: 'SERVICE_UNAVAILABLE', message: 'Database not configured' });"
"src/api/audit-routes.ts",236,"SERVICE_UNAVAILABLE",503,"if (!service) return reply.status(503).send({ error: 'SERVICE_UNAVAILABLE', message: 'Database not configured' });"
"src/api/audit-routes.ts",253,"SERVICE_UNAVAILABLE",503,"if (!service) return reply.status(503).send({ error: 'SERVICE_UNAVAILABLE', message: 'Database not configured' });"
"src/api/audit-routes.ts",273,"SERVICE_UNAVAILABLE",503,"if (!service) return reply.status(503).send({ error: 'SERVICE_UNAVAILABLE', message: 'Database not configured' });"
"src/api/audit-routes.ts",300,"SERVICE_UNAVAILABLE",503,"if (!service) return reply.status(503).send({ error: 'SERVICE_UNAVAILABLE', message: 'Database not configured' });"
"src/api/audit-routes.ts",340,"SERVICE_UNAVAILABLE",503,"if (!service) return reply.status(503).send({ error: 'SERVICE_UNAVAILABLE', message: 'Database not configured' });"
"src/api/controllers/ChatOpsController.ts",891,"SERVICE_UNAVAILABLE",503,"await reply.status(503).send({ success: false, error: 'SERVICE_UNAVAILABLE' });"
"src/api/controllers/ChatOpsController.ts",912,"SERVICE_UNAVAILABLE",503,"await reply.status(503).send({ success: false, error: 'SERVICE_UNAVAILABLE' });"
"src/api/controllers/ChatOpsController.ts",938,"SERVICE_UNAVAILABLE",503,"await reply.status(503).send({ success: false, error: 'SERVICE_UNAVAILABLE' });"
"src/api/controllers/ChatOpsController.ts",959,"SERVICE_UNAVAILABLE",503,"await reply.status(503).send({ success: false, error: 'SERVICE_UNAVAILABLE' });"
"src/api/workbench-routes.ts",26,"SERVICE_UNAVAILABLE",503,"return reply.status(503).send({ error: 'SERVICE_UNAVAILABLE', message: 'Database not connected' });"
"src/api/capability-routes.ts",95,"INTERNAL_ERROR",500,"reply.status(500).send({ success: false, error: 'INTERNAL_ERROR', message: error instanceof Error ? error.message : 'Fai"
"src/api/capability-routes.ts",107,"INTERNAL_ERROR",500,"reply.status(500).send({ success: false, error: 'INTERNAL_ERROR', message: error instanceof Error ? error.message : 'Fai"
"src/api/capability-routes.ts",139,"INTERNAL_ERROR",500,"reply.status(500).send({ success: false, error: 'INTERNAL_ERROR', message: error instanceof Error ? error.message : 'Fai"
"src/api/capability-routes.ts",203,"INTERNAL_ERROR",500,"reply.status(500).send({ success: false, error: 'INTERNAL_ERROR', message: error instanceof Error ? error.message : 'Fai"
"src/api/capability-routes.ts",233,"INTERNAL_ERROR",500,"reply.status(500).send({ success: false, error: 'INTERNAL_ERROR', message: error instanceof Error ? error.message : 'Fai"
"src/api/capability-routes.ts",262,"INTERNAL_ERROR",500,"reply.status(500).send({ success: false, error: 'INTERNAL_ERROR', message: error instanceof Error ? error.message : 'Fai"
"src/api/capability-routes.ts",280,"INTERNAL_ERROR",500,"reply.status(500).send({ success: false, error: 'INTERNAL_ERROR', message: error instanceof Error ? error.message : 'Fai"
"src/api/capability-routes.ts",330,"INTERNAL_ERROR",500,"reply.status(500).send({ success: false, error: 'INTERNAL_ERROR', message: error instanceof Error ? error.message : 'Fai"
"src/api/capability-routes.ts",348,"INTERNAL_ERROR",500,"reply.status(500).send({ success: false, error: 'INTERNAL_ERROR', message: error instanceof Error ? error.message : 'Fai"
"src/api/capability-routes.ts",375,"INTERNAL_ERROR",500,"reply.status(500).send({ success: false, error: 'INTERNAL_ERROR', message: error instanceof Error ? error.message : 'Fai"
"src/api/capability-routes.ts",436,"INTERNAL_ERROR",500,"reply.status(500).send({ success: false, error: 'INTERNAL_ERROR', message: error instanceof Error ? error.message : 'Fai"
"src/api/capability-routes.ts",448,"INTERNAL_ERROR",500,"reply.status(500).send({ success: false, error: 'INTERNAL_ERROR', message: error instanceof Error ? error.message : 'Fai"
"src/api/capability-routes.ts",527,"INTERNAL_ERROR",500,"reply.status(500).send({ success: false, error: 'INTERNAL_ERROR', message: error instanceof Error ? error.message : 'Fai"
"src/api/capability-routes.ts",581,"INTERNAL_ERROR",500,"reply.status(500).send({ success: false, error: 'INTERNAL_ERROR', message: error instanceof Error ? error.message : 'Fai"
"src/api/capability-routes.ts",599,"INTERNAL_ERROR",500,"reply.status(500).send({ success: false, error: 'INTERNAL_ERROR', message: error instanceof Error ? error.message : 'Fai"
"src/api/capability-routes.ts",612,"INTERNAL_ERROR",500,"reply.status(500).send({ success: false, error: 'INTERNAL_ERROR', message: error instanceof Error ? error.message : 'Fai"
"src/api/controllers/EnvironmentController.ts",51,"INTERNAL_ERROR",500,"reply.status(500).send({ error: 'INTERNAL_ERROR', message: 'Failed to create environment' });"
"src/api/controllers/EnvironmentController.ts",82,"INTERNAL_ERROR",500,"reply.status(500).send({ error: 'INTERNAL_ERROR', message: 'Failed to list environments' });"
"src/api/controllers/EnvironmentController.ts",110,"INTERNAL_ERROR",500,"reply.status(500).send({ error: 'INTERNAL_ERROR', message: 'Failed to get environment' });"
"src/api/controllers/EnvironmentController.ts",143,"INTERNAL_ERROR",500,"reply.status(500).send({ error: 'INTERNAL_ERROR', message: 'Failed to update environment' });"
"src/api/controllers/EnvironmentController.ts",146,"INTERNAL_ERROR",500,"reply.status(500).send({ error: 'INTERNAL_ERROR', message: 'Failed to update environment' });"
"src/api/controllers/EnvironmentController.ts",165,"INTERNAL_ERROR",500,"reply.status(500).send({ error: 'INTERNAL_ERROR', message: 'Failed to delete environment' });"
"src/api/controllers/EnvironmentController.ts",168,"INTERNAL_ERROR",500,"reply.status(500).send({ error: 'INTERNAL_ERROR', message: 'Failed to delete environment' });"
"src/api/controllers/EnvironmentController.ts",205,"INTERNAL_ERROR",500,"reply.status(500).send({ error: 'INTERNAL_ERROR', message: 'Failed to update status' });"
"src/api/controllers/EnvironmentController.ts",208,"INTERNAL_ERROR",500,"reply.status(500).send({ error: 'INTERNAL_ERROR', message: 'Failed to update status' });"
"src/api/controllers/EnvironmentController.ts",245,"INTERNAL_ERROR",500,"reply.status(500).send({ error: 'INTERNAL_ERROR', message: 'Failed to lock environment' });"
"src/api/controllers/EnvironmentController.ts",248,"INTERNAL_ERROR",500,"reply.status(500).send({ error: 'INTERNAL_ERROR', message: 'Failed to lock environment' });"
"src/api/controllers/EnvironmentController.ts",272,"INTERNAL_ERROR",500,"reply.status(500).send({ error: 'INTERNAL_ERROR', message: 'Failed to unlock environment' });"
"src/api/controllers/EnvironmentController.ts",275,"INTERNAL_ERROR",500,"reply.status(500).send({ error: 'INTERNAL_ERROR', message: 'Failed to unlock environment' });"
"src/api/controllers/EnvironmentController.ts",294,"INTERNAL_ERROR",500,"reply.status(500).send({ error: 'INTERNAL_ERROR', message: 'Failed to get lock status' });"
"src/api/controllers/EnvironmentController.ts",297,"INTERNAL_ERROR",500,"reply.status(500).send({ error: 'INTERNAL_ERROR', message: 'Failed to get lock status' });"
"src/api/controllers/EnvironmentController.ts",316,"INTERNAL_ERROR",500,"reply.status(500).send({ error: 'INTERNAL_ERROR', message: 'Failed to check deployment allowance' });"
"src/api/controllers/EnvironmentController.ts",319,"INTERNAL_ERROR",500,"reply.status(500).send({ error: 'INTERNAL_ERROR', message: 'Failed to check deployment allowance' });"
"src/api/controllers/SecretsController.ts",107,"INTERNAL_ERROR",500,"await reply.status(500).send({ error: 'INTERNAL_ERROR', message: 'Failed to retrieve created secret' });"
"src/api/controllers/SecretsController.ts",263,"INTERNAL_ERROR",500,"await reply.status(500).send({ error: 'INTERNAL_ERROR', message: 'Failed to retrieve updated secret' });"
"src/api/controllers/monitoring/MonitoringController.ts",50,"INTERNAL_ERROR",,"return reply.status(defaultCode).send({ error: 'INTERNAL_ERROR', message });"
"src/api/capability-routes.ts",302,"INVALID_DURATION",400,"return reply.status(400).send({ success: false, error: 'INVALID_DURATION', message: 'expires_in_hours must be positive' "
"src/api/capability-routes.ts",305,"DURATION_EXCEEDS_LIMIT",400,"return reply.status(400).send({ success: false, error: 'DURATION_EXCEEDS_LIMIT', message: 'Temporary permissions cannot "
"src/api/capability-routes.ts",402,"INVALID_CAPABILITY",400,"return reply.status(400).send({ success: false, error: 'INVALID_CAPABILITY', message: 'Capability not found' });"
"src/api/chaos-enhanced-routes.ts",84,"GET_ERROR",500,"return reply.status(500).send({ error: 'GET_ERROR', message });"
"src/api/controllers/ApprovalController.ts",172,"GET_ERROR",500,"return reply.status(500).send({ error: 'GET_ERROR', message });"
"src/api/controllers/ApprovalController.ts",376,"GET_ERROR",500,"return reply.status(500).send({ error: 'GET_ERROR', message });"
"src/api/chaos-enhanced-routes.ts",96,"START_ERROR",400,"return reply.status(400).send({ error: 'START_ERROR', message });"
"src/api/chaos-enhanced-routes.ts",109,"INJECT_ERROR",400,"return reply.status(400).send({ error: 'INJECT_ERROR', message });"
"src/api/chaos-enhanced-routes.ts",121,"STOP_ERROR",400,"return reply.status(400).send({ error: 'STOP_ERROR', message });"
"src/api/chaos-enhanced-routes.ts",133,"STATUS_ERROR",500,"return reply.status(500).send({ error: 'STATUS_ERROR', message });"
"src/api/chaos-enhanced-routes.ts",145,"RECOVERY_ERROR",500,"return reply.status(500).send({ error: 'RECOVERY_ERROR', message });"
"src/api/chaos-enhanced-routes.ts",164,"TEMPLATE_ERROR",400,"return reply.status(400).send({ error: 'TEMPLATE_ERROR', message });"
"src/api/controllers/ApprovalController.ts",317,"TEMPLATE_ERROR",500,"return reply.status(500).send({ error: 'TEMPLATE_ERROR', message });"
"src/api/chatops-routes.ts",492,"UNAUTHORIZED",401,"return reply.status(401).send({ success: false, error: 'UNAUTHORIZED' });"
"src/api/controllers/ChatOpsController.ts",142,"UNAUTHORIZED",401,"await reply.status(401).send({ success: false, error: 'UNAUTHORIZED' });"
"src/api/controllers/ChatOpsController.ts",239,"UNAUTHORIZED",401,"await reply.status(401).send({ success: false, error: 'UNAUTHORIZED' });"
"src/api/controllers/ChatOpsController.ts",499,"UNAUTHORIZED",401,"await reply.status(401).send({ success: false, error: 'UNAUTHORIZED' });"
"src/api/controllers/ChatOpsController.ts",527,"UNAUTHORIZED",401,"await reply.status(401).send({ success: false, error: 'UNAUTHORIZED' });"
"src/api/controllers/ChatOpsController.ts",579,"UNAUTHORIZED",401,"await reply.code(401).send({ error: 'UNAUTHORIZED' });"
"src/api/controllers/ChatOpsController.ts",639,"UNAUTHORIZED",401,"await reply.status(401).send({ success: false, error: 'UNAUTHORIZED' });"
"src/api/controllers/ChatOpsController.ts",656,"UNAUTHORIZED",401,"await reply.status(401).send({ success: false, error: 'UNAUTHORIZED' });"
"src/api/controllers/ChatOpsController.ts",683,"UNAUTHORIZED",401,"await reply.status(401).send({ success: false, error: 'UNAUTHORIZED' });"
"src/api/controllers/ChatOpsController.ts",700,"UNAUTHORIZED",401,"await reply.status(401).send({ success: false, error: 'UNAUTHORIZED' });"
"src/api/controllers/ChatOpsController.ts",724,"UNAUTHORIZED",401,"await reply.status(401).send({ success: false, error: 'UNAUTHORIZED' });"
"src/api/controllers/ChatOpsController.ts",744,"UNAUTHORIZED",401,"await reply.status(401).send({ success: false, error: 'UNAUTHORIZED' });"
"src/api/controllers/ChatOpsController.ts",761,"UNAUTHORIZED",401,"await reply.status(401).send({ success: false, error: 'UNAUTHORIZED' });"
"src/api/controllers/ChatOpsController.ts",790,"UNAUTHORIZED",401,"await reply.status(401).send({ success: false, error: 'UNAUTHORIZED' });"
"src/api/controllers/ChatOpsController.ts",807,"UNAUTHORIZED",401,"await reply.status(401).send({ success: false, error: 'UNAUTHORIZED' });"
"src/api/controllers/ChatOpsController.ts",825,"UNAUTHORIZED",401,"await reply.status(401).send({ success: false, error: 'UNAUTHORIZED' });"
"src/api/controllers/ChatOpsController.ts",843,"UNAUTHORIZED",401,"await reply.status(401).send({ success: false, error: 'UNAUTHORIZED' });"
"src/api/controllers/ChatOpsController.ts",887,"UNAUTHORIZED",401,"await reply.status(401).send({ success: false, error: 'UNAUTHORIZED' });"
"src/api/controllers/ChatOpsController.ts",908,"UNAUTHORIZED",401,"await reply.status(401).send({ success: false, error: 'UNAUTHORIZED' });"
"src/api/controllers/ChatOpsController.ts",934,"UNAUTHORIZED",401,"await reply.status(401).send({ success: false, error: 'UNAUTHORIZED' });"
"src/api/controllers/ChatOpsController.ts",955,"UNAUTHORIZED",401,"await reply.status(401).send({ success: false, error: 'UNAUTHORIZED' });"
"src/api/controllers/ApprovalController.ts",131,"SUBMIT_ERROR",500,"return reply.status(500).send({ error: 'SUBMIT_ERROR', message });"
"src/api/controllers/ApprovalController.ts",206,"REVIEW_ERROR",400,"return reply.status(400).send({ error: 'REVIEW_ERROR', message });"
"src/api/controllers/ApprovalController.ts",208,"REVIEW_ERROR",500,"return reply.status(500).send({ error: 'REVIEW_ERROR', message });"
"src/api/controllers/ApprovalController.ts",234,"PENDING_ERROR",500,"return reply.status(500).send({ error: 'PENDING_ERROR', message });"
"src/api/controllers/ApprovalController.ts",275,"EMERGENCY_ERROR",500,"return reply.status(500).send({ error: 'EMERGENCY_ERROR', message });"
"src/api/controllers/ApprovalController.ts",335,"TEMPLATES_ERROR",500,"return reply.status(500).send({ error: 'TEMPLATES_ERROR', message });"
"src/api/controllers/ApprovalController.ts",347,"NOT_IMPLEMENTED",501,"return reply.status(501).send({ error: 'NOT_IMPLEMENTED', message: 'Approval gate not configured' });"
"src/api/controllers/ApprovalController.ts",365,"NOT_IMPLEMENTED",501,"return reply.status(501).send({ error: 'NOT_IMPLEMENTED', message: 'Approval gate not configured' });"
"src/api/controllers/ApprovalController.ts",386,"NOT_IMPLEMENTED",501,"return reply.status(501).send({ error: 'NOT_IMPLEMENTED', message: 'Approval gate not configured' });"
"src/api/controllers/ApprovalController.ts",417,"NOT_IMPLEMENTED",501,"return reply.status(501).send({ error: 'NOT_IMPLEMENTED', message: 'Approval gate not configured' });"
"src/api/controllers/ApprovalController.ts",405,"APPROVE_ERROR",400,"return reply.status(400).send({ error: 'APPROVE_ERROR', message });"
"src/api/controllers/ApprovalController.ts",407,"APPROVE_ERROR",500,"return reply.status(500).send({ error: 'APPROVE_ERROR', message });"
"src/api/controllers/ApprovalController.ts",466,"APPROVE_ERROR",400,"return reply.status(400).send({ error: 'APPROVE_ERROR', message });"
"src/api/controllers/ApprovalController.ts",468,"APPROVE_ERROR",500,"return reply.status(500).send({ error: 'APPROVE_ERROR', message });"
"src/api/controllers/ApprovalController.ts",436,"REJECT_ERROR",400,"return reply.status(400).send({ error: 'REJECT_ERROR', message });"
"src/api/controllers/ApprovalController.ts",438,"REJECT_ERROR",500,"return reply.status(500).send({ error: 'REJECT_ERROR', message });"
"src/api/controllers/ApprovalController.ts",494,"REJECT_ERROR",400,"return reply.status(400).send({ error: 'REJECT_ERROR', message });"
"src/api/controllers/ApprovalController.ts",496,"REJECT_ERROR",500,"return reply.status(500).send({ error: 'REJECT_ERROR', message });"
"src/api/controllers/ApprovalController.ts",538,"HISTORY_ERROR",500,"return reply.status(500).send({ error: 'HISTORY_ERROR', message });"
"src/api/controllers/ApprovalController.ts",594,"AGENT_ANALYZE_ERROR",500,"return reply.status(500).send({ error: 'AGENT_ANALYZE_ERROR', message });"
"src/api/controllers/CostOperationsController.ts",65,"CREATE_GUARD_ERROR",500,"return reply.status(500).send({ error: 'CREATE_GUARD_ERROR', message: error.message });"
"src/api/controllers/CostOperationsController.ts",81,"GET_GUARDS_ERROR",500,"return reply.status(500).send({ error: 'GET_GUARDS_ERROR', message: error.message });"
"src/api/controllers/CostOperationsController.ts",115,"EVALUATION_ERROR",500,"return reply.status(500).send({ error: 'EVALUATION_ERROR', message: error.message });"
"src/api/controllers/CostOperationsController.ts",148,"ANOMALY_DETECTION_ERROR",500,"return reply.status(500).send({ error: 'ANOMALY_DETECTION_ERROR', message: error.message });"
"src/api/controllers/CostOperationsController.ts",165,"TREND_ERROR",500,"return reply.status(500).send({ error: 'TREND_ERROR', message: error.message });"
"src/api/decision-explanation-routes.ts",96,"TREND_ERROR",500,"return reply.status(500).send({ error: 'TREND_ERROR', message });"
"src/api/controllers/CostOperationsController.ts",182,"FORECAST_ERROR",500,"return reply.status(500).send({ error: 'FORECAST_ERROR', message: error.message });"
"src/api/controllers/CostOperationsController.ts",204,"OPTIMIZATION_ERROR",500,"return reply.status(500).send({ error: 'OPTIMIZATION_ERROR', message: error.message });"
"src/api/controllers/CostOperationsController.ts",237,"UTILIZATION_ANALYSIS_ERROR",500,"return reply.status(500).send({ error: 'UTILIZATION_ANALYSIS_ERROR', message: error.message });"
"src/api/controllers/RoleController.ts",119,"UPDATE_ERROR",500,"await reply.status(500).send({ error: 'UPDATE_ERROR', message: error.message });"
"src/api/decision-explanation-routes.ts",50,"EXPLAIN_ERROR",500,"return reply.status(500).send({ error: 'EXPLAIN_ERROR', message });"
"src/api/decision-explanation-routes.ts",70,"FEEDBACK_ERROR",400,"return reply.status(400).send({ error: 'FEEDBACK_ERROR', message });"
"src/api/decision-explanation-routes.ts",83,"QUALITY_ERROR",500,"return reply.status(500).send({ error: 'QUALITY_ERROR', message });"
"src/api/escalation-routes.ts",85,"CREATE_FAILED",400,"return reply.status(400).send({ code: 'CREATE_FAILED', message: error.message });"
"src/api/escalation-routes.ts",154,"START_FAILED",500,"return reply.status(500).send({ code: 'START_FAILED', message: error.message });"
"src/api/escalation-routes.ts",192,"ESCALATE_FAILED",400,"return reply.status(400).send({ code: 'ESCALATE_FAILED', message: error.message });"
"src/api/eventbus-routes.ts",74,"SUBJECT_REQUIRED",400,"if (!subject) return reply.status(400).send({ error: 'SUBJECT_REQUIRED' });"
"src/api/eventbus-routes.ts",115,"INVALID_LIMIT",400,"return reply.status(400).send({ error: 'INVALID_LIMIT', message: 'limit must be a valid number' });"
"src/api/eventbus-routes.ts",192,"INVALID_LIMIT",400,"return reply.status(400).send({ error: 'INVALID_LIMIT', message: 'limit must be a valid number' });"
"src/api/knowledge-routes.ts",32,"MISSING_TENANT",400,"reply.status(400).send({ error: 'MISSING_TENANT', message: 'x-tenant-id header is required' });"
"src/api/module-routes.ts",34,"MODULE_NOT_FOUND",404,"return reply.status(404).send({ error: 'MODULE_NOT_FOUND', id: request.params.id });"
"src/api/module-routes.ts",48,"MODULE_NOT_FOUND",404,"return reply.status(404).send({ error: 'MODULE_NOT_FOUND', id });"
"src/api/module-routes.ts",61,"MODULE_NOT_FOUND",404,"return reply.status(404).send({ error: 'MODULE_NOT_FOUND', id });"
"src/api/routes-auth.ts",147,"JWT_NOT_CONFIGURED",500,"return reply.status(500).send({ error: 'JWT_NOT_CONFIGURED', message: 'JWT_SECRET not configured' });"
"src/api/routes-auth.ts",236,"JWT_NOT_CONFIGURED",500,"return reply.status(500).send({ error: 'JWT_NOT_CONFIGURED', message: 'JWT_SECRET not configured' });"
"src/api/routes-auth.ts",281,"JWT_NOT_CONFIGURED",500,"return reply.status(500).send({ error: 'JWT_NOT_CONFIGURED', message: 'JWT_SECRET not configured' });"
"src/api/unified-config-routes.ts",120,"UPDATE_FAILED",400,"return reply.status(400).send({ code: 'UPDATE_FAILED', message: error.message });"
"src/api/user-activity-routes.ts",33,"Unauthorized",401,"reply.status(401).send({ success: false, error: 'Unauthorized' });"
"src/api/user-profile-routes.ts",37,"Unauthorized",401,"reply.status(401).send({ success: false, error: 'Unauthorized' });"
"src/api/user-activity-routes.ts",38,"Forbidden",403,"reply.status(403).send({ success: false, error: 'Forbidden' });"
"src/api/user-profile-routes.ts",42,"Forbidden",403,"reply.status(403).send({ success: false, error: 'Forbidden' });"
"src/api/vector-store-routes.ts",39,"CONTENT_REQUIRED",400,"if (!content) return reply.status(400).send({ error: 'CONTENT_REQUIRED' });"
"src/api/vector-store-routes.ts",54,"QUERY_REQUIRED",400,"if (!query) return reply.status(400).send({ error: 'QUERY_REQUIRED' });"